threshold,val_accuracy,val_f1
0.45,0.5739030023094688,0.7288758265980897
0.5,0.5704387990762124,0.716030534351145
0.55,0.5277136258660509,0.5954500494559841
0.6,0.4745958429561201,0.4021024967148489
0.65,0.43187066974595845,0.1717171717171717
0.7,0.42494226327944573,0.0
0.75,0.42494226327944573,0.0
