{
  "dataset_tag": "large_lite",
  "experiment_tag": "finbert_v1",
  "model_name": "ProsusAI/finbert",
  "device": "cuda",
  "max_length": 512,
  "max_chunks_per_doc": 8,
  "best_validation_result": {
    "candidate_id": 1,
    "C": 0.1,
    "val_accuracy": 0.5623556581986143,
    "val_f1": 0.6865177832919769
  },
  "test_results": {
    "test_accuracy": 0.5706432105552501,
    "test_f1": 0.679524004924087,
    "confusion_matrix": [
      [
        210,
        574
      ],
      [
        207,
        828
      ]
    ],
    "classification_report": {
      "0": {
        "precision": 0.5035971223021583,
        "recall": 0.26785714285714285,
        "f1-score": 0.34970857618651124,
        "support": 784.0
      },
      "1": {
        "precision": 0.5905848787446505,
        "recall": 0.8,
        "f1-score": 0.679524004924087,
        "support": 1035.0
      },
      "accuracy": 0.5706432105552501,
      "macro avg": {
        "precision": 0.5470910005234044,
        "recall": 0.5339285714285714,
        "f1-score": 0.5146162905552991,
        "support": 1819.0
      },
      "weighted avg": {
        "precision": 0.5530926296787275,
        "recall": 0.5706432105552501,
        "f1-score": 0.5373715606523666,
        "support": 1819.0
      }
    }
  },
  "avg_train_chunks_per_doc": 7.977810001717197,
  "avg_validation_chunks_per_doc": 8.0,
  "avg_test_chunks_per_doc": 7.989004947773502
}