{
  "p_positive": 0.5395623056228654,
  "test_accuracy": 0.5112699285321606,
  "test_f1": 0.5579313774241671
}