{
  "best_validation_result": {
    "candidate_id": 1,
    "C": 0.1,
    "val_accuracy": 0.3333333333333333,
    "val_f1": 0.5
  },
  "test_results": {
    "test_accuracy": 0.6428571428571429,
    "test_f1": 0.782608695652174,
    "confusion_matrix": [
      [
        0,
        5
      ],
      [
        0,
        9
      ]
    ],
    "classification_report": {
      "0": {
        "precision": 0.0,
        "recall": 0.0,
        "f1-score": 0.0,
        "support": 5.0
      },
      "1": {
        "precision": 0.6428571428571429,
        "recall": 1.0,
        "f1-score": 0.782608695652174,
        "support": 9.0
      },
      "accuracy": 0.6428571428571429,
      "macro avg": {
        "precision": 0.32142857142857145,
        "recall": 0.5,
        "f1-score": 0.391304347826087,
        "support": 14.0
      },
      "weighted avg": {
        "precision": 0.41326530612244905,
        "recall": 0.6428571428571429,
        "f1-score": 0.5031055900621119,
        "support": 14.0
      }
    }
  },
  "avg_train_token_coverage": 0.9995357191955027,
  "avg_validation_token_coverage": 0.9780857884786069,
  "avg_test_token_coverage": 0.9765528015474105,
  "sif_a": 0.001
}