{
  "dataset_tag": "large_lite",
  "experiment_tag": "mean_e10_neg10_lr2e3",
  "model_tag": "e10_neg10_lr2e3",
  "best_validation_result": {
    "candidate_id": 1,
    "C": 0.003,
    "val_accuracy": 0.5750577367205543,
    "val_f1": 0.7302052785923754
  },
  "test_results": {
    "test_accuracy": 0.5689939527212754,
    "test_f1": 0.7252978276103714,
    "confusion_matrix": [
      [
        0,
        784
      ],
      [
        0,
        1035
      ]
    ],
    "classification_report": {
      "0": {
        "precision": 0.0,
        "recall": 0.0,
        "f1-score": 0.0,
        "support": 784.0
      },
      "1": {
        "precision": 0.5689939527212754,
        "recall": 1.0,
        "f1-score": 0.7252978276103714,
        "support": 1035.0
      },
      "accuracy": 0.5689939527212754,
      "macro avg": {
        "precision": 0.2844969763606377,
        "recall": 0.5,
        "f1-score": 0.3626489138051857,
        "support": 1819.0
      },
      "weighted avg": {
        "precision": 0.323754118233381,
        "recall": 0.5689939527212754,
        "f1-score": 0.4126900778321794,
        "support": 1819.0
      }
    }
  },
  "avg_train_token_coverage": 0.9997788557314715,
  "avg_validation_token_coverage": 0.9972085818505254,
  "avg_test_token_coverage": 0.9969155787660218
}